fitzroy_lagoon_to_east_2_20200712_115838706_0000138.jpg, {COTS, 0.4928, 4, 0, 77, 1748, 409, 2022},
fitzroy_lagoon_to_east_2_20200712_115838757_0000139.jpg, {COTS, 0.5474, 4, 1, 71, 1745, 421, 2013},
fitzroy_lagoon_to_east_2_20200712_115838810_0000140.jpg, {COTS, 0.5474, 4, 2, 34, 1734, 387, 2005},
fitzroy_lagoon_to_east_2_20200712_115838866_0000141.jpg, {COTS, 0.7159, 5, 0, 596, 1648, 861, 1852},
fitzroy_lagoon_to_east_2_20200712_115838916_0000142.jpg, {COTS, 0.7159, 5, 1, 587, 1664, 851, 1867},
fitzroy_lagoon_to_east_2_20200712_115838967_0000143.jpg, {COTS, 0.3579, 4, 3, -6, 1656, 202, 1824},
fitzroy_lagoon_to_east_2_20200712_115839019_0000144.jpg, {COTS, 0.3579, 4, 4, -99, 1623, 119, 1800},
fitzroy_lagoon_to_east_2_20200712_115846558_0000286.jpg, {COTS, 0.4117, 6, 0, 1606, 1633, 1803, 1749},
fitzroy_lagoon_to_east_2_20200712_115846611_0000287.jpg, {COTS, 0.4117, 6, 1, 1592, 1640, 1786, 1754},
fitzroy_lagoon_to_east_2_20200712_115846663_0000288.jpg, {COTS, 0.4239, 6, 2, 1548, 1644, 1782, 1749},
fitzroy_lagoon_to_east_2_20200712_115846718_0000289.jpg, {COTS, 0.3355, 6, 3, 1533, 1643, 1790, 1751},
fitzroy_lagoon_to_east_2_20200712_115846771_0000290.jpg, {COTS, 0.3355, 6, 4, 1535, 1648, 1793, 1757},
fitzroy_lagoon_to_east_2_20200712_115846822_0000291.jpg, {COTS, 0.3070, 6, 5, 1543, 1652, 1788, 1773},
fitzroy_lagoon_to_east_2_20200712_115846876_0000292.jpg, {COTS, 0.5683, 6, 6, 1549, 1688, 1792, 1794},
fitzroy_lagoon_to_east_2_20200712_115846929_0000293.jpg, {COTS, 0.6577, 6, 7, 1595, 1692, 1812, 1802},
fitzroy_lagoon_to_east_2_20200712_115846978_0000294.jpg, {COTS, 0.9086, 6, 8, 1628, 1710, 1833, 1812},
fitzroy_lagoon_to_east_2_20200712_115847031_0000295.jpg, {COTS, 0.8458, 6, 9, 1702, 1708, 1853, 1807},
fitzroy_lagoon_to_east_2_20200712_115847082_0000296.jpg, {COTS, 0.7634, 6, 10, 1721, 1716, 1862, 1809},
fitzroy_lagoon_to_east_2_20200712_115847133_0000297.jpg, {COTS, 0.9057, 6, 11, 1741, 1714, 1875, 1796},
fitzroy_lagoon_to_east_2_20200712_115847186_0000298.jpg, {COTS, 0.8410, 6, 12, 1746, 1710, 1884, 1792},
fitzroy_lagoon_to_east_2_20200712_115847239_0000299.jpg, {COTS, 0.8410, 6, 13, 1745, 1710, 1879, 1790},
fitzroy_lagoon_to_east_2_20200712_115856662_0000473.jpg, {COTS, 0.3800, 14, 0, 341, 244, 454, 468},
fitzroy_lagoon_to_east_2_20200712_115856719_0000474.jpg, {COTS, 0.6712, 14, 1, 337, 238, 463, 481},
fitzroy_lagoon_to_east_2_20200712_115856772_0000475.jpg, {COTS, 0.6981, 14, 2, 339, 245, 464, 481},
fitzroy_lagoon_to_east_2_20200712_115856824_0000476.jpg, {COTS, 0.6233, 14, 3, 337, 253, 466, 472},
fitzroy_lagoon_to_east_2_20200712_115856877_0000477.jpg, {COTS, 0.3251, 14, 4, 341, 256, 460, 473},
fitzroy_lagoon_to_east_2_20200712_115856932_0000478.jpg, {COTS, 0.7197, 14, 5, 333, 268, 470, 464},
fitzroy_lagoon_to_east_2_20200712_115856990_0000479.jpg, {COTS, 0.6615, 14, 6, 334, 275, 473, 467},
fitzroy_lagoon_to_east_2_20200712_115857038_0000480.jpg, {COTS, 0.4116, 14, 7, 337, 269, 469, 471},
fitzroy_lagoon_to_east_2_20200712_115857089_0000481.jpg, {COTS, 0.4116, 14, 8, 340, 268, 472, 471},
fitzroy_lagoon_to_east_2_20200712_115902181_0000572.jpg, {COTS, 0.5530, 16, 0, -28, 276, 229, 457},
fitzroy_lagoon_to_east_2_20200712_115902231_0000573.jpg, {COTS, 0.4496, 16, 1, -17, 260, 248, 459},
fitzroy_lagoon_to_east_2_20200712_115902289_0000574.jpg, {COTS, 0.3756, 16, 2, -12, 261, 246, 454},
fitzroy_lagoon_to_east_2_20200712_115902338_0000575.jpg, {COTS, 0.3845, 16, 3, -10, 275, 240, 464},
fitzroy_lagoon_to_east_2_20200712_115902398_0000576.jpg, {COTS, 0.3845, 16, 4, -25, 288, 227, 479},
fitzroy_lagoon_to_east_2_20200712_115902453_0000577.jpg, {COTS, 0.5312, 16, 5, -30, 256, 255, 551},
fitzroy_lagoon_to_east_2_20200712_115902505_0000578.jpg, {COTS, 0.5312, 16, 6, -35, 258, 247, 551},
fitzroy_lagoon_to_east_2_20200712_115902615_0000580.jpg, {COTS, 0.6078, 16, 7, -55, 177, 309, 495},
fitzroy_lagoon_to_east_2_20200712_115902665_0000581.jpg, {COTS, 0.7748, 16, 8, -60, 182, 301, 501},
fitzroy_lagoon_to_east_2_20200712_115902718_0000582.jpg, {COTS, 0.3898, 16, 9, -47, 204, 289, 486},
fitzroy_lagoon_to_east_2_20200712_115902773_0000583.jpg, {COTS, 0.4892, 16, 10, -26, 198, 262, 498},
fitzroy_lagoon_to_east_2_20200712_115902829_0000584.jpg, {COTS, 0.4892, 16, 11, -30, 206, 247, 495},
fitzroy_lagoon_to_east_2_20200712_115903100_0000589.jpg, {COTS, 0.3099, 16, 12, -31, 199, 281, 485},
fitzroy_lagoon_to_east_2_20200712_115903154_0000590.jpg, {COTS, 0.4032, 16, 13, -42, 191, 288, 491},
fitzroy_lagoon_to_east_2_20200712_115903209_0000591.jpg, {COTS, 0.4032, 16, 14, -52, 195, 276, 494},
fitzroy_lagoon_to_east_2_20200712_115903594_0000598.jpg, {COTS, 0.3862, 16, 15, -42, 191, 294, 492},
fitzroy_lagoon_to_east_2_20200712_115903650_0000599.jpg, {COTS, 0.3862, 16, 16, -58, 196, 287, 506},
fitzroy_lagoon_to_east_2_20200712_115903704_0000600.jpg, {COTS, 0.3685, 16, 17, 1, 252, 245, 452},
fitzroy_lagoon_to_east_2_20200712_115903760_0000601.jpg, {COTS, 0.3011, 16, 18, -3, 259, 247, 436},
fitzroy_lagoon_to_east_2_20200712_115903809_0000602.jpg, {COTS, 0.3011, 16, 19, -18, 271, 235, 451},
fitzroy_lagoon_to_east_2_20200712_115903866_0000603.jpg, {COTS, 0.5840, 16, 20, -39, 219, 297, 465},
fitzroy_lagoon_to_east_2_20200712_115903920_0000604.jpg, {COTS, 0.5347, 16, 21, -8, 236, 253, 449},
fitzroy_lagoon_to_east_2_20200712_115903973_0000605.jpg, {COTS, 0.5347, 16, 22, -23, 251, 239, 466},
fitzroy_lagoon_to_east_2_20200712_115904459_0000614.jpg, {COTS, 0.5005, 16, 23, -10, 253, 243, 461},
fitzroy_lagoon_to_east_2_20200712_115904514_0000615.jpg, {COTS, 0.5005, 16, 24, -16, 257, 235, 464},
fitzroy_lagoon_to_east_2_20200712_115914643_0000800.jpg, {COTS, 0.3780, 23, 0, 771, 1614, 979, 1767},
fitzroy_lagoon_to_east_2_20200712_115914708_0000801.jpg, {COTS, 0.3780, 23, 1, 769, 1612, 978, 1765},
fitzroy_lagoon_to_east_2_20200712_115914871_0000804.jpg, {COTS, 0.3649, 23, 2, 772, 1625, 942, 1745},
fitzroy_lagoon_to_east_2_20200712_115914926_0000805.jpg, {COTS, 0.3235, 23, 3, 740, 1615, 993, 1754},
fitzroy_lagoon_to_east_2_20200712_115914980_0000806.jpg, {COTS, 0.3235, 23, 4, 743, 1614, 997, 1754},
fitzroy_lagoon_to_east_2_20200712_115915097_0000808.jpg, {COTS, 0.3388, 23, 5, 762, 1606, 1014, 1772},
fitzroy_lagoon_to_east_2_20200712_115915160_0000809.jpg, {COTS, 0.3388, 23, 6, 758, 1605, 1010, 1771},
fitzroy_lagoon_to_east_2_20200712_115918236_0000865.jpg, {COTS, 0.5207, 25, 0, 704, 1613, 904, 1755},
fitzroy_lagoon_to_east_2_20200712_115918292_0000866.jpg, {COTS, 0.9053, 25, 1, 711, 1611, 889, 1751},
fitzroy_lagoon_to_east_2_20200712_115918342_0000867.jpg, {COTS, 0.9166, 25, 2, 717, 1604, 882, 1757},
fitzroy_lagoon_to_east_2_20200712_115918394_0000868.jpg, {COTS, 0.6448, 25, 3, 716, 1606, 871, 1758},
fitzroy_lagoon_to_east_2_20200712_115918448_0000869.jpg, {COTS, 0.6448, 25, 4, 712, 1607, 865, 1757},
fitzroy_lagoon_to_east_2_20200712_115918882_0000877.jpg, {COTS, 0.3235, 26, 0, 2016, 12, 2154, 188},
fitzroy_lagoon_to_east_2_20200712_115918939_0000878.jpg, {COTS, 0.3235, 26, 1, 2011, 13, 2149, 188},
fitzroy_lagoon_to_east_2_20200712_115918997_0000879.jpg, {COTS, 0.4638, 26, 2, 2009, 3, 2144, 199},
fitzroy_lagoon_to_east_2_20200712_115919053_0000880.jpg, {COTS, 0.4638, 26, 3, 2002, 4, 2135, 198},
fitzroy_lagoon_to_east_2_20200712_115932952_0001138.jpg, {COTS, 0.3680, 35, 0, 938, 1933, 1063, 2021},
fitzroy_lagoon_to_east_2_20200712_115933009_0001139.jpg, {COTS, 0.3680, 35, 1, 941, 1932, 1065, 2020},
fitzroy_lagoon_to_east_2_20200712_115945605_0001369.jpg, {COTS, 0.3328, 42, 0, 1430, 1811, 1710, 1974},
fitzroy_lagoon_to_east_2_20200712_115945661_0001370.jpg, {COTS, 0.3075, 42, 1, 1436, 1814, 1705, 1976},
fitzroy_lagoon_to_east_2_20200712_115945716_0001371.jpg, {COTS, 0.3075, 42, 2, 1445, 1814, 1713, 1975},
fitzroy_lagoon_to_east_2_20200712_115951318_0001474.jpg, {COTS, 0.6439, 46, 0, 626, 1236, 802, 1385},
fitzroy_lagoon_to_east_2_20200712_115951374_0001475.jpg, {COTS, 0.6439, 46, 1, 632, 1211, 807, 1359},
fitzroy_lagoon_to_east_2_20200712_115951429_0001476.jpg, {COTS, 0.8579, 46, 2, 621, 1184, 811, 1339},
fitzroy_lagoon_to_east_2_20200712_115951482_0001477.jpg, {COTS, 0.4847, 46, 3, 602, 1132, 799, 1285},
fitzroy_lagoon_to_east_2_20200712_115951536_0001478.jpg, {COTS, 0.7749, 46, 4, 604, 1115, 801, 1278},
fitzroy_lagoon_to_east_2_20200712_115951588_0001479.jpg, {COTS, 0.3072, 46, 5, 619, 1102, 793, 1272},
fitzroy_lagoon_to_east_2_20200712_115951641_0001480.jpg, {COTS, 0.3664, 46, 6, 622, 1110, 813, 1279},
fitzroy_lagoon_to_east_2_20200712_115951699_0001481.jpg, {COTS, 0.7461, 46, 7, 636, 1131, 824, 1283},
fitzroy_lagoon_to_east_2_20200712_115951753_0001482.jpg, {COTS, 0.8160, 46, 8, 662, 1158, 828, 1311},
fitzroy_lagoon_to_east_2_20200712_115951808_0001483.jpg, {COTS, 0.3461, 46, 9, 681, 1177, 866, 1336},
fitzroy_lagoon_to_east_2_20200712_115951863_0001484.jpg, {COTS, 0.5637, 46, 10, 683, 1199, 877, 1350},
fitzroy_lagoon_to_east_2_20200712_115951917_0001485.jpg, {COTS, 0.8496, 46, 11, 690, 1230, 867, 1369},
fitzroy_lagoon_to_east_2_20200712_115951969_0001486.jpg, {COTS, 0.9216, 46, 12, 690, 1262, 865, 1377},
fitzroy_lagoon_to_east_2_20200712_115952022_0001487.jpg, {COTS, 0.7355, 46, 13, 675, 1267, 875, 1393},
fitzroy_lagoon_to_east_2_20200712_115952076_0001488.jpg, {COTS, 0.8380, 46, 14, 687, 1291, 831, 1409},
fitzroy_lagoon_to_east_2_20200712_115952128_0001489.jpg, {COTS, 0.9166, 46, 15, 660, 1329, 809, 1437},
fitzroy_lagoon_to_east_2_20200712_115952180_0001490.jpg, {COTS, 0.9473, 46, 16, 624, 1325, 816, 1450},
fitzroy_lagoon_to_east_2_20200712_115952233_0001491.jpg, {COTS, 0.9667, 46, 17, 614, 1327, 806, 1467},
fitzroy_lagoon_to_east_2_20200712_115952298_0001492.jpg, {COTS, 0.9662, 46, 18, 622, 1329, 791, 1463},
fitzroy_lagoon_to_east_2_20200712_115952350_0001493.jpg, {COTS, 0.3988, 46, 19, 596, 1338, 797, 1469},
fitzroy_lagoon_to_east_2_20200712_115952403_0001494.jpg, {COTS, 0.9084, 46, 20, 611, 1357, 751, 1468},
fitzroy_lagoon_to_east_2_20200712_115952460_0001495.jpg, {COTS, 0.9066, 46, 21, 602, 1373, 760, 1466},
fitzroy_lagoon_to_east_2_20200712_115952512_0001496.jpg, {COTS, 0.9265, 46, 22, 593, 1365, 759, 1472},
fitzroy_lagoon_to_east_2_20200712_115952565_0001497.jpg, {COTS, 0.9197, 46, 23, 590, 1379, 760, 1472},
fitzroy_lagoon_to_east_2_20200712_115952617_0001498.jpg, {COTS, 0.9622, 46, 24, 595, 1381, 746, 1474},
fitzroy_lagoon_to_east_2_20200712_115952668_0001499.jpg, {COTS, 0.5976, 46, 25, 600, 1386, 745, 1472},
fitzroy_lagoon_to_east_2_20200712_115952724_0001500.jpg, {COTS, 0.5976, 46, 26, 604, 1381, 749, 1467},
fitzroy_lagoon_to_east_2_20200712_115952881_0001503.jpg, {COTS, 0.6168, 46, 27, 640, 1347, 781, 1439},
fitzroy_lagoon_to_east_2_20200712_115952937_0001504.jpg, {COTS, 0.6168, 46, 28, 641, 1339, 783, 1432},
fitzroy_lagoon_to_east_2_20200712_115953053_0001506.jpg, {COTS, 0.4721, 46, 29, 638, 1337, 789, 1422},
fitzroy_lagoon_to_east_2_20200712_115953105_0001507.jpg, {COTS, 0.4783, 46, 30, 651, 1338, 785, 1404},
fitzroy_lagoon_to_east_2_20200712_115953157_0001508.jpg, {COTS, 0.4783, 46, 31, 659, 1339, 791, 1404},
fitzroy_lagoon_to_east_2_20200712_115953209_0001509.jpg, {COTS, 0.4901, 46, 32, 657, 1340, 808, 1416},
fitzroy_lagoon_to_east_2_20200712_115953261_0001510.jpg, {COTS, 0.6940, 46, 33, 674, 1342, 824, 1419},
fitzroy_lagoon_to_east_2_20200712_115953313_0001511.jpg, {COTS, 0.6940, 46, 34, 687, 1344, 833, 1418},
fitzroy_lagoon_to_east_2_20200712_115955303_0001548.jpg, {COTS, 0.4934, 48, 0, 655, 1233, 832, 1315},
fitzroy_lagoon_to_east_2_20200712_115955357_0001549.jpg, {COTS, 0.4934, 48, 1, 656, 1230, 834, 1312},
fitzroy_lagoon_to_east_2_20200712_115955463_0001551.jpg, {COTS, 0.6587, 48, 2, 666, 1232, 825, 1311},
fitzroy_lagoon_to_east_2_20200712_115955520_0001552.jpg, {COTS, 0.8399, 48, 3, 670, 1220, 826, 1306},
fitzroy_lagoon_to_east_2_20200712_115955573_0001553.jpg, {COTS, 0.8785, 48, 4, 680, 1211, 835, 1308},
fitzroy_lagoon_to_east_2_20200712_115955629_0001554.jpg, {COTS, 0.9655, 48, 5, 679, 1211, 832, 1300},
fitzroy_lagoon_to_east_2_20200712_115955679_0001555.jpg, {COTS, 0.9319, 48, 6, 671, 1206, 814, 1297},
fitzroy_lagoon_to_east_2_20200712_115955742_0001556.jpg, {COTS, 0.8879, 48, 7, 654, 1193, 846, 1308},
fitzroy_lagoon_to_east_2_20200712_115955798_0001557.jpg, {COTS, 0.4221, 48, 8, 647, 1184, 853, 1306},
fitzroy_lagoon_to_east_2_20200712_115955856_0001558.jpg, {COTS, 0.6774, 48, 9, 654, 1192, 840, 1300},
fitzroy_lagoon_to_east_2_20200712_115955908_0001559.jpg, {COTS, 0.7128, 48, 10, 666, 1185, 844, 1304},
fitzroy_lagoon_to_east_2_20200712_115955962_0001560.jpg, {COTS, 0.4665, 48, 11, 665, 1178, 849, 1308},
fitzroy_lagoon_to_east_2_20200712_115956015_0001561.jpg, {COTS, 0.4665, 48, 12, 671, 1173, 855, 1303},
fitzroy_lagoon_to_east_2_20200712_115956067_0001562.jpg, {COTS, 0.4576, 48, 13, 659, 1148, 901, 1276},
fitzroy_lagoon_to_east_2_20200712_115956120_0001563.jpg, {COTS, 0.3791, 48, 14, 660, 1139, 894, 1276},
fitzroy_lagoon_to_east_2_20200712_115956170_0001564.jpg, {COTS, 0.3791, 48, 15, 655, 1127, 893, 1266},
fitzroy_lagoon_to_east_2_20200712_115956483_0001570.jpg, {COTS, 0.5472, 48, 16, 657, 1099, 832, 1267},
fitzroy_lagoon_to_east_2_20200712_115956536_0001571.jpg, {COTS, 0.5472, 48, 17, 631, 1107, 806, 1275},
fitzroy_lagoon_to_east_2_20200712_115956591_0001572.jpg, {COTS, 0.4248, 48, 18, 611, 1098, 804, 1287},
fitzroy_lagoon_to_east_2_20200712_115956644_0001573.jpg, {COTS, 0.4248, 48, 19, 584, 1113, 775, 1300},
fitzroy_lagoon_to_east_2_20200712_115956698_0001574.jpg, {COTS, 0.5631, 48, 20, 577, 1161, 753, 1328},
fitzroy_lagoon_to_east_2_20200712_115956750_0001575.jpg, {COTS, 0.3017, 48, 21, 593, 1175, 762, 1346},
fitzroy_lagoon_to_east_2_20200712_115956809_0001576.jpg, {COTS, 0.3017, 48, 22, 610, 1200, 770, 1362},
fitzroy_lagoon_to_east_2_20200712_115957417_0001587.jpg, {COTS, 0.8076, 48, 23, 479, 1246, 705, 1402},
fitzroy_lagoon_to_east_2_20200712_115957467_0001588.jpg, {COTS, 0.9075, 48, 24, 484, 1203, 699, 1387},
fitzroy_lagoon_to_east_2_20200712_115957518_0001589.jpg, {COTS, 0.7896, 48, 25, 469, 1187, 701, 1353},
fitzroy_lagoon_to_east_2_20200712_115957575_0001590.jpg, {COTS, 0.6724, 48, 26, 483, 1166, 699, 1348},
fitzroy_lagoon_to_east_2_20200712_115957628_0001591.jpg, {COTS, 0.6724, 48, 27, 489, 1150, 707, 1334},
fitzroy_lagoon_to_east_2_20200712_120000746_0001647.jpg, {COTS, 0.7435, 51, 0, 467, 1178, 640, 1324},
fitzroy_lagoon_to_east_2_20200712_120000801_0001648.jpg, {COTS, 0.4452, 51, 1, 468, 1161, 649, 1307},
fitzroy_lagoon_to_east_2_20200712_120000854_0001649.jpg, {COTS, 0.4452, 51, 2, 481, 1146, 663, 1292},
fitzroy_lagoon_to_east_2_20200712_120002410_0001678.jpg, {COTS, 0.6621, 53, 0, 557, 863, 759, 1009},
fitzroy_lagoon_to_east_2_20200712_120002466_0001679.jpg, {COTS, 0.3556, 53, 1, 614, 883, 733, 983},
fitzroy_lagoon_to_east_2_20200712_120002521_0001680.jpg, {COTS, 0.3556, 53, 2, 634, 864, 752, 963},
fitzroy_lagoon_to_east_2_20200712_120002578_0001681.jpg, {COTS, 0.8139, 53, 3, 619, 841, 777, 930},
fitzroy_lagoon_to_east_2_20200712_120002633_0001682.jpg, {COTS, 0.8139, 53, 4, 615, 813, 776, 904},
fitzroy_lagoon_to_east_2_20200712_120006060_0001745.jpg, {COTS, 0.3068, 55, 0, 636, 1899, 831, 2021},
fitzroy_lagoon_to_east_2_20200712_120006113_0001746.jpg, {COTS, 0.3637, 55, 1, 637, 1894, 844, 2013},
fitzroy_lagoon_to_east_2_20200712_120006165_0001747.jpg, {COTS, 0.3637, 55, 2, 650, 1883, 862, 2005},
fitzroy_lagoon_to_east_2_20200712_120006274_0001749.jpg, {COTS, 0.3199, 55, 3, 689, 1854, 904, 1961},
fitzroy_lagoon_to_east_2_20200712_120006331_0001750.jpg, {COTS, 0.3199, 55, 4, 694, 1840, 912, 1948},
fitzroy_lagoon_to_east_2_20200712_120006437_0001752.jpg, {COTS, 0.3224, 55, 5, 676, 1828, 927, 1966},
fitzroy_lagoon_to_east_2_20200712_120006490_0001753.jpg, {COTS, 0.3239, 55, 6, 695, 1838, 915, 1963},
fitzroy_lagoon_to_east_2_20200712_120006542_0001754.jpg, {COTS, 0.3239, 55, 7, 696, 1844, 908, 1965},
fitzroy_lagoon_to_east_2_20200712_120009568_0001809.jpg, {COTS, 0.6809, 57, 0, 466, 489, 636, 645},
fitzroy_lagoon_to_east_2_20200712_120009621_0001810.jpg, {COTS, 0.6809, 57, 1, 460, 494, 630, 650},
fitzroy_lagoon_to_east_2_20200712_120021333_0002029.jpg, {COTS, 0.3114, 71, 0, 1717, 1091, 2012, 1236},
fitzroy_lagoon_to_east_2_20200712_120021390_0002030.jpg, {COTS, 0.3114, 71, 1, 1721, 1086, 2013, 1229},
fitzroy_lagoon_to_east_2_20200712_120021596_0002034.jpg, {COTS, 0.7082, 72, 0, 1619, 1304, 1821, 1463},
fitzroy_lagoon_to_east_2_20200712_120021647_0002035.jpg, {COTS, 0.7082, 72, 1, 1599, 1305, 1799, 1463},
fitzroy_lagoon_to_east_2_20200712_120024356_0002085.jpg, {COTS, 0.9200, 75, 0, 521, 1750, 759, 2016},
fitzroy_lagoon_to_east_2_20200712_120024414_0002086.jpg, {COTS, 0.5567, 75, 1, 533, 1675, 808, 1988},
fitzroy_lagoon_to_east_2_20200712_120024471_0002087.jpg, {COTS, 0.8502, 75, 2, 512, 1645, 794, 1993},
fitzroy_lagoon_to_east_2_20200712_120024527_0002088.jpg, {COTS, 0.8917, 75, 3, 417, 1638, 751, 1965},
fitzroy_lagoon_to_east_2_20200712_120024579_0002089.jpg, {COTS, 0.8140, 75, 4, 363, 1588, 630, 1946},
fitzroy_lagoon_to_east_2_20200712_120024633_0002090.jpg, {COTS, 0.8436, 75, 5, 278, 1536, 547, 1983},
fitzroy_lagoon_to_east_2_20200712_120024688_0002091.jpg, {COTS, 0.6447, 75, 6, 218, 1465, 436, 1933},
fitzroy_lagoon_to_east_2_20200712_120024743_0002092.jpg, {COTS, 0.4851, 75, 7, 85, 1416, 309, 1815},
fitzroy_lagoon_to_east_2_20200712_120024797_0002093.jpg, {COTS, 0.4851, 75, 8, 42, 1356, 266, 1754},
fitzroy_lagoon_to_east_2_20200712_120143633_0003503.jpg, {COTS, 0.7505, 84, 0, 551, 1770, 656, 1864},
fitzroy_lagoon_to_east_2_20200712_120143689_0003504.jpg, {COTS, 0.7505, 84, 1, 539, 1767, 646, 1864},
fitzroy_lagoon_to_east_2_20200712_120143792_0003506.jpg, {COTS, 0.6843, 84, 2, 536, 1786, 621, 1854},
fitzroy_lagoon_to_east_2_20200712_120143850_0003507.jpg, {COTS, 0.6843, 84, 3, 526, 1798, 613, 1867},
fitzroy_lagoon_to_east_2_20200712_120447514_0006710.jpg, {COTS, 0.9632, 96, 0, 1126, 747, 1196, 821},
fitzroy_lagoon_to_east_2_20200712_120447575_0006711.jpg, {COTS, 0.7745, 96, 1, 1127, 768, 1191, 843},
fitzroy_lagoon_to_east_2_20200712_120447631_0006712.jpg, {COTS, 0.7745, 96, 2, 1125, 790, 1188, 865},
fitzroy_lagoon_to_east_2_20200712_120447692_0006713.jpg, {COTS, 0.6850, 96, 3, 1123, 811, 1188, 889},
fitzroy_lagoon_to_east_2_20200712_120447754_0006714.jpg, {COTS, 0.6850, 96, 4, 1119, 849, 1184, 928},
fitzroy_lagoon_to_east_2_20200712_120447815_0006715.jpg, {COTS, 0.9858, 96, 5, 1123, 865, 1192, 943},
fitzroy_lagoon_to_east_2_20200712_120447900_0006716.jpg, {COTS, 0.8813, 96, 6, 1124, 885, 1193, 966},
fitzroy_lagoon_to_east_2_20200712_120447960_0006717.jpg, {COTS, 0.8813, 96, 7, 1121, 925, 1190, 1006},
fitzroy_lagoon_to_east_2_20200712_120448027_0006718.jpg, {COTS, 0.9914, 96, 8, 1119, 945, 1191, 1027},
fitzroy_lagoon_to_east_2_20200712_120448085_0006719.jpg, {COTS, 0.5833, 96, 9, 1120, 961, 1189, 1046},
fitzroy_lagoon_to_east_2_20200712_120448141_0006720.jpg, {COTS, 0.9277, 96, 10, 1117, 973, 1188, 1061},
fitzroy_lagoon_to_east_2_20200712_120448208_0006721.jpg, {COTS, 0.9686, 96, 11, 1109, 1003, 1181, 1085},
fitzroy_lagoon_to_east_2_20200712_120448260_0006722.jpg, {COTS, 0.6875, 96, 12, 1105, 1016, 1185, 1104},
fitzroy_lagoon_to_east_2_20200712_120448326_0006723.jpg, {COTS, 0.9631, 96, 13, 1106, 1033, 1183, 1116},
fitzroy_lagoon_to_east_2_20200712_120448387_0006724.jpg, {COTS, 0.9913, 96, 14, 1104, 1043, 1184, 1126},
fitzroy_lagoon_to_east_2_20200712_120448453_0006725.jpg, {COTS, 0.9801, 96, 15, 1096, 1080, 1174, 1164},
fitzroy_lagoon_to_east_2_20200712_120448510_0006726.jpg, {COTS, 0.9957, 96, 16, 1094, 1096, 1176, 1180},
fitzroy_lagoon_to_east_2_20200712_120448565_0006727.jpg, {COTS, 0.9932, 96, 17, 1096, 1112, 1176, 1200},
fitzroy_lagoon_to_east_2_20200712_120448620_0006728.jpg, {COTS, 0.9956, 96, 18, 1087, 1134, 1175, 1221},
fitzroy_lagoon_to_east_2_20200712_120448680_0006729.jpg, {COTS, 0.9859, 96, 19, 1087, 1151, 1173, 1242},
fitzroy_lagoon_to_east_2_20200712_120448736_0006730.jpg, {COTS, 0.9954, 96, 20, 1089, 1167, 1175, 1258},
fitzroy_lagoon_to_east_2_20200712_120448789_0006731.jpg, {COTS, 0.9971, 96, 21, 1083, 1207, 1170, 1302},
fitzroy_lagoon_to_east_2_20200712_120448845_0006732.jpg, {COTS, 0.9853, 96, 22, 1076, 1230, 1168, 1323},
fitzroy_lagoon_to_east_2_20200712_120448905_0006733.jpg, {COTS, 0.9923, 96, 23, 1075, 1249, 1167, 1344},
fitzroy_lagoon_to_east_2_20200712_120448965_0006734.jpg, {COTS, 0.9835, 96, 24, 1076, 1265, 1169, 1367},
fitzroy_lagoon_to_east_2_20200712_120449021_0006735.jpg, {COTS, 0.9971, 96, 25, 1075, 1288, 1164, 1382},
fitzroy_lagoon_to_east_2_20200712_120449077_0006736.jpg, {COTS, 0.9832, 96, 26, 1071, 1310, 1159, 1408},
fitzroy_lagoon_to_east_2_20200712_120449136_0006737.jpg, {COTS, 0.9068, 96, 27, 1066, 1329, 1160, 1433},
fitzroy_lagoon_to_east_2_20200712_120449191_0006738.jpg, {COTS, 0.9805, 96, 28, 1067, 1380, 1156, 1476},
fitzroy_lagoon_to_east_2_20200712_120449252_0006739.jpg, {COTS, 0.9965, 96, 29, 1054, 1406, 1152, 1503},
fitzroy_lagoon_to_east_2_20200712_120449312_0006740.jpg, {COTS, 0.9958, 96, 30, 1046, 1432, 1148, 1529},
fitzroy_lagoon_to_east_2_20200712_120449375_0006741.jpg, {COTS, 0.9965, 96, 31, 1048, 1458, 1144, 1554},
fitzroy_lagoon_to_east_2_20200712_120449436_0006742.jpg, {COTS, 0.9904, 96, 32, 1048, 1482, 1140, 1579},
fitzroy_lagoon_to_east_2_20200712_120449501_0006743.jpg, {COTS, 0.9961, 96, 33, 1042, 1528, 1141, 1628},
fitzroy_lagoon_to_east_2_20200712_120449560_0006744.jpg, {COTS, 0.9926, 96, 34, 1038, 1556, 1140, 1658},
fitzroy_lagoon_to_east_2_20200712_120449615_0006745.jpg, {COTS, 0.9958, 96, 35, 1037, 1590, 1138, 1691},
fitzroy_lagoon_to_east_2_20200712_120449672_0006746.jpg, {COTS, 0.9963, 96, 36, 1036, 1631, 1138, 1727},
fitzroy_lagoon_to_east_2_20200712_120449729_0006747.jpg, {COTS, 0.9907, 96, 37, 1035, 1674, 1137, 1776},
fitzroy_lagoon_to_east_2_20200712_120449783_0006748.jpg, {COTS, 0.9912, 96, 38, 1031, 1725, 1137, 1828},
fitzroy_lagoon_to_east_2_20200712_120449840_0006749.jpg, {COTS, 0.9934, 96, 39, 1027, 1776, 1134, 1882},
fitzroy_lagoon_to_east_2_20200712_120449897_0006750.jpg, {COTS, 0.9934, 96, 40, 1033, 1773, 1139, 1878},
fitzroy_lagoon_to_east_2_20200712_120452164_0006790.jpg, {COTS, 0.4584, 98, 0, 1788, 1035, 1873, 1121},
fitzroy_lagoon_to_east_2_20200712_120452221_0006791.jpg, {COTS, 0.4584, 98, 1, 1790, 1045, 1875, 1131},
fitzroy_lagoon_to_east_2_20200712_120502025_0006963.jpg, {COTS, 0.7429, 101, 0, 1643, 1459, 1735, 1538},
fitzroy_lagoon_to_east_2_20200712_120502084_0006964.jpg, {COTS, 0.7429, 101, 1, 1645, 1482, 1738, 1562},
fitzroy_lagoon_to_east_2_20200712_120502136_0006965.jpg, {COTS, 0.3145, 101, 2, 1646, 1502, 1747, 1581},
fitzroy_lagoon_to_east_2_20200712_120502188_0006966.jpg, {COTS, 0.3145, 101, 3, 1647, 1520, 1747, 1599},
fitzroy_lagoon_to_east_2_20200712_120502356_0006969.jpg, {COTS, 0.3169, 101, 4, 1662, 1589, 1753, 1681},
fitzroy_lagoon_to_east_2_20200712_120502413_0006970.jpg, {COTS, 0.3169, 101, 5, 1662, 1608, 1754, 1700},
fitzroy_lagoon_to_east_2_20200712_120510587_0007115.jpg, {COTS, 0.6947, 102, 0, 1752, 1524, 1836, 1617},
fitzroy_lagoon_to_east_2_20200712_120510649_0007116.jpg, {COTS, 0.6947, 102, 1, 1748, 1543, 1833, 1636},
fitzroy_lagoon_to_east_2_20200712_120540028_0007638.jpg, {COTS, 0.8437, 105, 0, 827, 1036, 944, 1119},
fitzroy_lagoon_to_east_2_20200712_120540087_0007639.jpg, {COTS, 0.8437, 105, 1, 820, 1049, 937, 1132},
fitzroy_lagoon_to_east_2_20200712_120540368_0007644.jpg, {COTS, 0.4558, 105, 2, 800, 1163, 930, 1238},
fitzroy_lagoon_to_east_2_20200712_120540420_0007645.jpg, {COTS, 0.4558, 105, 3, 795, 1176, 926, 1252},
fitzroy_lagoon_to_east_2_20200712_120540473_0007646.jpg, {COTS, 0.3767, 105, 4, 784, 1190, 907, 1268},
fitzroy_lagoon_to_east_2_20200712_120540527_0007647.jpg, {COTS, 0.5867, 105, 5, 782, 1206, 894, 1286},
fitzroy_lagoon_to_east_2_20200712_120540582_0007648.jpg, {COTS, 0.5867, 105, 6, 775, 1222, 883, 1299},
fitzroy_lagoon_to_east_2_20200712_120540695_0007650.jpg, {COTS, 0.5102, 105, 7, 757, 1254, 898, 1347},
fitzroy_lagoon_to_east_2_20200712_120540750_0007651.jpg, {COTS, 0.5102, 105, 8, 751, 1269, 887, 1358},
fitzroy_lagoon_to_east_2_20200712_120607254_0008110.jpg, {COTS, 0.6076, 109, 0, 1662, 748, 1756, 845},
fitzroy_lagoon_to_east_2_20200712_120607310_0008111.jpg, {COTS, 0.6076, 109, 1, 1667, 760, 1761, 856},
fitzroy_lagoon_to_east_2_20200712_120607489_0008114.jpg, {COTS, 0.7795, 109, 2, 1687, 811, 1784, 923},
fitzroy_lagoon_to_east_2_20200712_120607542_0008115.jpg, {COTS, 0.7795, 109, 3, 1690, 823, 1787, 935},
fitzroy_lagoon_to_east_2_20200712_120607720_0008118.jpg, {COTS, 0.3718, 109, 4, 1713, 849, 1813, 966},
fitzroy_lagoon_to_east_2_20200712_120607781_0008119.jpg, {COTS, 0.3718, 109, 5, 1721, 869, 1824, 989},
fitzroy_lagoon_to_east_2_20200712_120625648_0008424.jpg, {COTS, 0.8264, 112, 0, 1624, 636, 1709, 701},
fitzroy_lagoon_to_east_2_20200712_120625707_0008425.jpg, {COTS, 0.9227, 112, 1, 1638, 651, 1722, 717},
fitzroy_lagoon_to_east_2_20200712_120625766_0008426.jpg, {COTS, 0.9748, 112, 2, 1649, 668, 1734, 736},
fitzroy_lagoon_to_east_2_20200712_120625823_0008427.jpg, {COTS, 0.9453, 112, 3, 1660, 685, 1753, 760},
fitzroy_lagoon_to_east_2_20200712_120625881_0008428.jpg, {COTS, 0.9519, 112, 4, 1690, 727, 1782, 798},
fitzroy_lagoon_to_east_2_20200712_120625938_0008429.jpg, {COTS, 0.9921, 112, 5, 1709, 748, 1797, 820},
fitzroy_lagoon_to_east_2_20200712_120625997_0008430.jpg, {COTS, 0.9987, 112, 6, 1724, 772, 1808, 849},
fitzroy_lagoon_to_east_2_20200712_120626058_0008431.jpg, {COTS, 0.9986, 112, 7, 1725, 802, 1816, 877},
fitzroy_lagoon_to_east_2_20200712_120626124_0008432.jpg, {COTS, 0.9987, 112, 8, 1727, 828, 1817, 911},
fitzroy_lagoon_to_east_2_20200712_120626180_0008433.jpg, {COTS, 0.9850, 112, 9, 1734, 884, 1832, 969},
fitzroy_lagoon_to_east_2_20200712_120626247_0008434.jpg, {COTS, 0.9977, 112, 10, 1740, 912, 1836, 999},
fitzroy_lagoon_to_east_2_20200712_120626309_0008435.jpg, {COTS, 0.9969, 112, 11, 1748, 940, 1841, 1025},
fitzroy_lagoon_to_east_2_20200712_120626373_0008436.jpg, {COTS, 0.9950, 112, 12, 1754, 961, 1845, 1055},
fitzroy_lagoon_to_east_2_20200712_120626431_0008437.jpg, {COTS, 0.9976, 112, 13, 1776, 1000, 1869, 1087},
fitzroy_lagoon_to_east_2_20200712_120626488_0008438.jpg, {COTS, 0.9924, 112, 14, 1786, 1016, 1882, 1108},
fitzroy_lagoon_to_east_2_20200712_120626557_0008439.jpg, {COTS, 0.9966, 112, 15, 1800, 1030, 1895, 1120},
fitzroy_lagoon_to_east_2_20200712_120626612_0008440.jpg, {COTS, 0.9976, 112, 16, 1816, 1043, 1919, 1141},
fitzroy_lagoon_to_east_2_20200712_120626673_0008441.jpg, {COTS, 0.9976, 112, 17, 1843, 1063, 1939, 1159},
fitzroy_lagoon_to_east_2_20200712_120626730_0008442.jpg, {COTS, 0.9976, 112, 18, 1891, 1094, 1989, 1197},
fitzroy_lagoon_to_east_2_20200712_120626788_0008443.jpg, {COTS, 0.9979, 112, 19, 1898, 1112, 1996, 1218},
fitzroy_lagoon_to_east_2_20200712_120626839_0008444.jpg, {COTS, 0.9986, 112, 20, 1898, 1135, 1996, 1238},
fitzroy_lagoon_to_east_2_20200712_120626895_0008445.jpg, {COTS, 0.9981, 112, 21, 1895, 1157, 1994, 1264},
fitzroy_lagoon_to_east_2_20200712_120626957_0008446.jpg, {COTS, 0.9971, 112, 22, 1887, 1176, 1988, 1284},
fitzroy_lagoon_to_east_2_20200712_120627014_0008447.jpg, {COTS, 0.9975, 112, 23, 1876, 1195, 1976, 1306},
fitzroy_lagoon_to_east_2_20200712_120627071_0008448.jpg, {COTS, 0.9976, 112, 24, 1852, 1215, 1955, 1325},
fitzroy_lagoon_to_east_2_20200712_120627132_0008449.jpg, {COTS, 0.9971, 112, 25, 1821, 1235, 1923, 1350},
fitzroy_lagoon_to_east_2_20200712_120627193_0008450.jpg, {COTS, 0.9978, 112, 26, 1814, 1248, 1920, 1359},
fitzroy_lagoon_to_east_2_20200712_120627249_0008451.jpg, {COTS, 0.9970, 112, 27, 1809, 1257, 1918, 1374},
fitzroy_lagoon_to_east_2_20200712_120627310_0008452.jpg, {COTS, 0.9973, 112, 28, 1813, 1264, 1918, 1386},
fitzroy_lagoon_to_east_2_20200712_120627369_0008453.jpg, {COTS, 0.9980, 112, 29, 1816, 1279, 1926, 1401},
fitzroy_lagoon_to_east_2_20200712_120627425_0008454.jpg, {COTS, 0.9971, 112, 30, 1834, 1310, 1944, 1430},
fitzroy_lagoon_to_east_2_20200712_120627481_0008455.jpg, {COTS, 0.9976, 112, 31, 1843, 1323, 1952, 1450},
fitzroy_lagoon_to_east_2_20200712_120627536_0008456.jpg, {COTS, 0.9978, 112, 32, 1852, 1338, 1965, 1470},
fitzroy_lagoon_to_east_2_20200712_120627596_0008457.jpg, {COTS, 0.9972, 112, 33, 1865, 1358, 1974, 1488},
fitzroy_lagoon_to_east_2_20200712_120627654_0008458.jpg, {COTS, 0.9971, 112, 34, 1878, 1379, 1989, 1509},
fitzroy_lagoon_to_east_2_20200712_120627718_0008459.jpg, {COTS, 0.9980, 112, 35, 1890, 1394, 2003, 1529},
fitzroy_lagoon_to_east_2_20200712_120627801_0008460.jpg, {COTS, 0.9970, 112, 36, 1913, 1437, 2027, 1577},
fitzroy_lagoon_to_east_2_20200712_120627853_0008461.jpg, {COTS, 0.9979, 112, 37, 1925, 1458, 2043, 1605},
fitzroy_lagoon_to_east_2_20200712_120627918_0008462.jpg, {COTS, 0.9974, 112, 38, 1938, 1484, 2055, 1626},
fitzroy_lagoon_to_east_2_20200712_120627990_0008463.jpg, {COTS, 0.9970, 112, 39, 1952, 1510, 2070, 1650},
fitzroy_lagoon_to_east_2_20200712_120628047_0008464.jpg, {COTS, 0.9969, 112, 40, 1989, 1547, 2103, 1699},
fitzroy_lagoon_to_east_2_20200712_120628105_0008465.jpg, {COTS, 0.9980, 112, 41, 2010, 1563, 2125, 1715},
fitzroy_lagoon_to_east_2_20200712_120628169_0008466.jpg, {COTS, 0.9974, 112, 42, 2021, 1586, 2136, 1736},
fitzroy_lagoon_to_east_2_20200712_120628223_0008467.jpg, {COTS, 0.9977, 112, 43, 2001, 1642, 2123, 1802},
fitzroy_lagoon_to_east_2_20200712_120628282_0008468.jpg, {COTS, 0.9973, 112, 44, 1992, 1675, 2116, 1834},
fitzroy_lagoon_to_east_2_20200712_120628341_0008469.jpg, {COTS, 0.9976, 112, 45, 1983, 1710, 2100, 1865},
fitzroy_lagoon_to_east_2_20200712_120628402_0008470.jpg, {COTS, 0.9946, 112, 46, 1971, 1747, 2093, 1907},
fitzroy_lagoon_to_east_2_20200712_120628461_0008471.jpg, {COTS, 0.9921, 112, 47, 1958, 1781, 2087, 1937},
fitzroy_lagoon_to_east_2_20200712_120628534_0008472.jpg, {COTS, 0.9955, 112, 48, 1942, 1833, 2065, 2001},
fitzroy_lagoon_to_east_2_20200712_120632258_0008536.jpg, {COTS, 0.7325, 113, 0, 1637, 1402, 1777, 1487},
fitzroy_lagoon_to_east_2_20200712_120632315_0008537.jpg, {COTS, 0.7325, 113, 1, 1640, 1426, 1776, 1509},
fitzroy_lagoon_to_east_2_20200712_120632426_0008539.jpg, {COTS, 0.3774, 113, 2, 1661, 1499, 1794, 1597},
fitzroy_lagoon_to_east_2_20200712_120632481_0008540.jpg, {COTS, 0.9922, 113, 3, 1663, 1526, 1802, 1622},
fitzroy_lagoon_to_east_2_20200712_120632536_0008541.jpg, {COTS, 0.9360, 113, 4, 1660, 1544, 1809, 1648},
fitzroy_lagoon_to_east_2_20200712_120632605_0008542.jpg, {COTS, 0.9849, 113, 5, 1674, 1563, 1812, 1666},
fitzroy_lagoon_to_east_2_20200712_120632660_0008543.jpg, {COTS, 0.9782, 113, 6, 1674, 1583, 1817, 1686},
fitzroy_lagoon_to_east_2_20200712_120632719_0008544.jpg, {COTS, 0.9966, 113, 7, 1678, 1602, 1820, 1709},
fitzroy_lagoon_to_east_2_20200712_120632775_0008545.jpg, {COTS, 0.9959, 113, 8, 1679, 1621, 1822, 1730},
fitzroy_lagoon_to_east_2_20200712_120632832_0008546.jpg, {COTS, 0.9961, 113, 9, 1675, 1663, 1818, 1776},
fitzroy_lagoon_to_east_2_20200712_120632888_0008547.jpg, {COTS, 0.9963, 113, 10, 1674, 1686, 1815, 1796},
fitzroy_lagoon_to_east_2_20200712_120632946_0008548.jpg, {COTS, 0.9969, 113, 11, 1672, 1709, 1813, 1820},
fitzroy_lagoon_to_east_2_20200712_120633005_0008549.jpg, {COTS, 0.9966, 113, 12, 1668, 1726, 1812, 1846},
fitzroy_lagoon_to_east_2_20200712_120633060_0008550.jpg, {COTS, 0.9970, 113, 13, 1666, 1751, 1808, 1871},
fitzroy_lagoon_to_east_2_20200712_120633123_0008551.jpg, {COTS, 0.9974, 113, 14, 1665, 1771, 1812, 1893},
fitzroy_lagoon_to_east_2_20200712_120633175_0008552.jpg, {COTS, 0.9918, 113, 15, 1655, 1784, 1818, 1920},
fitzroy_lagoon_to_east_2_20200712_120633233_0008553.jpg, {COTS, 0.9959, 113, 16, 1670, 1836, 1830, 1967},
fitzroy_lagoon_to_east_2_20200712_120633288_0008554.jpg, {COTS, 0.9954, 113, 17, 1684, 1863, 1844, 1994},
fitzroy_lagoon_to_east_2_20200712_120633339_0008555.jpg, {COTS, 0.9911, 113, 18, 1692, 1892, 1861, 2024},
fitzroy_lagoon_to_east_2_20200712_120815289_0010323.jpg, {COTS, 0.9510, 134, 0, 1049, 1500, 1201, 1618},
fitzroy_lagoon_to_east_2_20200712_120815347_0010324.jpg, {COTS, 0.9549, 134, 1, 1046, 1525, 1202, 1655},
fitzroy_lagoon_to_east_2_20200712_120815410_0010325.jpg, {COTS, 0.8031, 134, 2, 1032, 1563, 1213, 1685},
fitzroy_lagoon_to_east_2_20200712_120815470_0010326.jpg, {COTS, 0.9636, 134, 3, 1039, 1629, 1211, 1752},
fitzroy_lagoon_to_east_2_20200712_120815529_0010327.jpg, {COTS, 0.7350, 134, 4, 1028, 1659, 1221, 1785},
fitzroy_lagoon_to_east_2_20200712_120815591_0010328.jpg, {COTS, 0.7350, 134, 5, 1024, 1693, 1219, 1820},
fitzroy_lagoon_to_east_2_20200712_120815767_0010331.jpg, {COTS, 0.7432, 134, 6, 1047, 1808, 1217, 1925},
fitzroy_lagoon_to_east_2_20200712_120815827_0010332.jpg, {COTS, 0.7432, 134, 7, 1037, 1809, 1207, 1926},
fitzroy_lagoon_to_east_2_20200712_120829638_0010567.jpg, {COTS, 0.8476, 140, 0, 1797, 1106, 1889, 1222},
fitzroy_lagoon_to_east_2_20200712_120829693_0010568.jpg, {COTS, 0.8476, 140, 1, 1804, 1133, 1896, 1248},
fitzroy_lagoon_to_east_2_20200712_120829751_0010569.jpg, {COTS, 0.6781, 140, 2, 1815, 1161, 1912, 1281},
fitzroy_lagoon_to_east_2_20200712_120829807_0010570.jpg, {COTS, 0.6781, 140, 3, 1824, 1191, 1921, 1311},
fitzroy_lagoon_to_east_2_20200712_120829865_0010571.jpg, {COTS, 0.5619, 140, 4, 1829, 1217, 1931, 1351},
fitzroy_lagoon_to_east_2_20200712_120829927_0010572.jpg, {COTS, 0.5619, 140, 5, 1845, 1280, 1944, 1409},
fitzroy_lagoon_to_east_2_20200712_120830035_0010574.jpg, {COTS, 0.9492, 140, 6, 1866, 1332, 1981, 1475},
fitzroy_lagoon_to_east_2_20200712_120830091_0010575.jpg, {COTS, 0.9592, 140, 7, 1888, 1356, 1998, 1507},
fitzroy_lagoon_to_east_2_20200712_120830154_0010576.jpg, {COTS, 0.7655, 140, 8, 1889, 1385, 2016, 1541},
fitzroy_lagoon_to_east_2_20200712_120830215_0010577.jpg, {COTS, 0.7655, 140, 9, 1904, 1414, 2031, 1570},
fitzroy_lagoon_to_east_2_20200712_120830276_0010578.jpg, {COTS, 0.9029, 140, 10, 1940, 1474, 2062, 1635},
fitzroy_lagoon_to_east_2_20200712_120830339_0010579.jpg, {COTS, 0.9322, 140, 11, 1954, 1505, 2080, 1669},
fitzroy_lagoon_to_east_2_20200712_120830394_0010580.jpg, {COTS, 0.7836, 140, 12, 1957, 1541, 2095, 1704},
fitzroy_lagoon_to_east_2_20200712_120830455_0010581.jpg, {COTS, 0.9806, 140, 13, 1961, 1568, 2116, 1742},
fitzroy_lagoon_to_east_2_20200712_120830514_0010582.jpg, {COTS, 0.9927, 140, 14, 1973, 1608, 2117, 1783},
fitzroy_lagoon_to_east_2_20200712_120830574_0010583.jpg, {COTS, 0.9734, 140, 15, 2005, 1681, 2132, 1851},
fitzroy_lagoon_to_east_2_20200712_120830631_0010584.jpg, {COTS, 0.9853, 140, 16, 2006, 1713, 2139, 1890},
fitzroy_lagoon_to_east_2_20200712_120830689_0010585.jpg, {COTS, 0.9902, 140, 17, 2015, 1754, 2152, 1920},
fitzroy_lagoon_to_east_2_20200712_120830752_0010586.jpg, {COTS, 0.9952, 140, 18, 2021, 1777, 2168, 1955},
fitzroy_lagoon_to_east_2_20200712_120830807_0010587.jpg, {COTS, 0.9926, 140, 19, 2031, 1812, 2175, 1988},
fitzroy_lagoon_to_east_2_20200712_120830866_0010588.jpg, {COTS, 0.9964, 140, 20, 2046, 1844, 2199, 2014},
fitzroy_lagoon_to_east_2_20200712_120840101_0010743.jpg, {COTS, 0.8149, 146, 0, 1630, 1727, 1786, 1904},
fitzroy_lagoon_to_east_2_20200712_120840160_0010744.jpg, {COTS, 0.8149, 146, 1, 1641, 1771, 1799, 1950},
fitzroy_lagoon_to_east_2_20200712_120904955_0011159.jpg, {COTS, 0.8057, 151, 0, 1908, 1620, 1999, 1726},
fitzroy_lagoon_to_east_2_20200712_120905011_0011160.jpg, {COTS, 0.9573, 151, 1, 1913, 1637, 2009, 1749},
fitzroy_lagoon_to_east_2_20200712_120905068_0011161.jpg, {COTS, 0.9700, 151, 2, 1921, 1660, 2014, 1770},
fitzroy_lagoon_to_east_2_20200712_120905123_0011162.jpg, {COTS, 0.8967, 151, 3, 1930, 1680, 2021, 1785},
fitzroy_lagoon_to_east_2_20200712_120905178_0011163.jpg, {COTS, 0.6018, 151, 4, 1938, 1704, 2029, 1807},
fitzroy_lagoon_to_east_2_20200712_120905236_0011164.jpg, {COTS, 0.9687, 151, 5, 1952, 1746, 2043, 1858},
fitzroy_lagoon_to_east_2_20200712_120905292_0011165.jpg, {COTS, 0.9548, 151, 6, 1958, 1775, 2050, 1879},
fitzroy_lagoon_to_east_2_20200712_120905351_0011166.jpg, {COTS, 0.8878, 151, 7, 1967, 1798, 2057, 1905},
fitzroy_lagoon_to_east_2_20200712_120905413_0011167.jpg, {COTS, 0.9888, 151, 8, 1973, 1824, 2065, 1935},
fitzroy_lagoon_to_east_2_20200712_120905470_0011168.jpg, {COTS, 0.9775, 151, 9, 1976, 1852, 2072, 1959},
fitzroy_lagoon_to_east_2_20200712_120905530_0011169.jpg, {COTS, 0.9853, 151, 10, 1983, 1878, 2079, 1984},
fitzroy_lagoon_to_east_2_20200712_120930633_0011605.jpg, {COTS, 0.5815, 153, 0, 1223, 1692, 1402, 1843},
fitzroy_lagoon_to_east_2_20200712_120930692_0011606.jpg, {COTS, 0.5815, 153, 1, 1219, 1715, 1401, 1869},
fitzroy_lagoon_to_east_2_20200712_121001474_0012153.jpg, {COTS, 0.6076, 155, 0, 778, 1505, 928, 1651},
fitzroy_lagoon_to_east_2_20200712_121001532_0012154.jpg, {COTS, 0.6076, 155, 1, 779, 1526, 929, 1672},
fitzroy_lagoon_to_east_2_20200712_121049049_0012961.jpg, {COTS, 0.3317, 160, 0, 1155, 1228, 1328, 1377},
fitzroy_lagoon_to_east_2_20200712_121049109_0012962.jpg, {COTS, 0.5120, 160, 1, 1171, 1249, 1333, 1403},
fitzroy_lagoon_to_east_2_20200712_121049170_0012963.jpg, {COTS, 0.5120, 160, 2, 1174, 1276, 1332, 1426},
fitzroy_lagoon_to_east_2_20200712_121049230_0012964.jpg, {COTS, 0.7191, 160, 3, 1172, 1317, 1349, 1479},
fitzroy_lagoon_to_east_2_20200712_121049289_0012965.jpg, {COTS, 0.7191, 160, 4, 1177, 1340, 1355, 1502},
fitzroy_lagoon_to_east_2_20200712_121049359_0012966.jpg, {COTS, 0.9583, 160, 5, 1179, 1371, 1357, 1539},
fitzroy_lagoon_to_east_2_20200712_121049420_0012967.jpg, {COTS, 0.9583, 160, 6, 1184, 1398, 1363, 1567},
fitzroy_lagoon_to_east_2_20200712_121049481_0012968.jpg, {COTS, 0.6810, 160, 7, 1190, 1442, 1389, 1611},
fitzroy_lagoon_to_east_2_20200712_121049537_0012969.jpg, {COTS, 0.4094, 160, 8, 1204, 1475, 1382, 1651},
fitzroy_lagoon_to_east_2_20200712_121049596_0012970.jpg, {COTS, 0.3783, 160, 9, 1223, 1505, 1401, 1669},
fitzroy_lagoon_to_east_2_20200712_121049663_0012971.jpg, {COTS, 0.3783, 160, 10, 1232, 1535, 1411, 1700},
fitzroy_lagoon_to_east_2_20200712_121108687_0013290.jpg, {COTS, 0.3541, 163, 0, 1973, 1429, 2034, 1489},
fitzroy_lagoon_to_east_2_20200712_121108744_0013291.jpg, {COTS, 0.3541, 163, 1, 1978, 1430, 2040, 1491},
fitzroy_lagoon_to_east_2_20200712_121129896_0013643.jpg, {COTS, 0.3930, 166, 0, 1669, 393, 1791, 447},
fitzroy_lagoon_to_east_2_20200712_121129952_0013644.jpg, {COTS, 0.4030, 166, 1, 1682, 420, 1791, 483},
fitzroy_lagoon_to_east_2_20200712_121130011_0013645.jpg, {COTS, 0.4030, 166, 2, 1672, 421, 1783, 485},
fitzroy_lagoon_to_east_2_20200712_121130544_0013654.jpg, {COTS, 0.5719, 167, 0, 1790, 756, 1892, 820},
fitzroy_lagoon_to_east_2_20200712_121130605_0013655.jpg, {COTS, 0.5719, 167, 1, 1798, 763, 1904, 830},
fitzroy_lagoon_to_east_2_20200712_121201145_0014160.jpg, {COTS, 0.6332, 172, 0, 635, 1456, 731, 1530},
fitzroy_lagoon_to_east_2_20200712_121201205_0014161.jpg, {COTS, 0.6332, 172, 1, 640, 1492, 736, 1567},
fitzroy_lagoon_to_east_2_20200712_121201396_0014164.jpg, {COTS, 0.3719, 172, 2, 641, 1560, 748, 1634},
fitzroy_lagoon_to_east_2_20200712_121201455_0014165.jpg, {COTS, 0.3719, 172, 3, 638, 1554, 743, 1627},
fitzroy_lagoon_to_east_2_20200712_121510169_0017310.jpg, {COTS, 0.9445, 187, 0, 1849, 657, 1921, 715},
fitzroy_lagoon_to_east_2_20200712_121510225_0017311.jpg, {COTS, 0.7163, 187, 1, 1851, 671, 1924, 730},
fitzroy_lagoon_to_east_2_20200712_121510285_0017312.jpg, {COTS, 0.9905, 187, 2, 1845, 679, 1923, 737},
fitzroy_lagoon_to_east_2_20200712_121510341_0017313.jpg, {COTS, 0.9774, 187, 3, 1848, 686, 1922, 746},
fitzroy_lagoon_to_east_2_20200712_121510399_0017314.jpg, {COTS, 0.9915, 187, 4, 1846, 693, 1924, 756},
fitzroy_lagoon_to_east_2_20200712_121510462_0017315.jpg, {COTS, 0.9618, 187, 5, 1840, 699, 1920, 766},
fitzroy_lagoon_to_east_2_20200712_121510522_0017316.jpg, {COTS, 0.9796, 187, 6, 1838, 730, 1918, 796},
fitzroy_lagoon_to_east_2_20200712_121510583_0017317.jpg, {COTS, 0.9984, 187, 7, 1837, 744, 1923, 808},
fitzroy_lagoon_to_east_2_20200712_121510628_0017318.jpg, {COTS, 0.9897, 187, 8, 1839, 743, 1923, 814},
fitzroy_lagoon_to_east_2_20200712_121510687_0017319.jpg, {COTS, 0.9960, 187, 9, 1844, 752, 1926, 824},
fitzroy_lagoon_to_east_2_20200712_121510747_0017320.jpg, {COTS, 0.9956, 187, 10, 1851, 758, 1931, 832},
fitzroy_lagoon_to_east_2_20200712_121510806_0017321.jpg, {COTS, 0.9964, 187, 11, 1861, 772, 1944, 841},
fitzroy_lagoon_to_east_2_20200712_121510864_0017322.jpg, {COTS, 0.9975, 187, 12, 1864, 785, 1945, 857},
fitzroy_lagoon_to_east_2_20200712_121510921_0017323.jpg, {COTS, 0.9978, 187, 13, 1875, 809, 1960, 883},
fitzroy_lagoon_to_east_2_20200712_121510979_0017324.jpg, {COTS, 0.9939, 187, 14, 1883, 822, 1972, 900},
fitzroy_lagoon_to_east_2_20200712_121511035_0017325.jpg, {COTS, 0.9979, 187, 15, 1897, 840, 1979, 918},
fitzroy_lagoon_to_east_2_20200712_121511095_0017326.jpg, {COTS, 0.9929, 187, 16, 1903, 853, 1992, 931},
fitzroy_lagoon_to_east_2_20200712_121511153_0017327.jpg, {COTS, 0.9972, 187, 17, 1911, 867, 2001, 946},
fitzroy_lagoon_to_east_2_20200712_121511212_0017328.jpg, {COTS, 0.9974, 187, 18, 1922, 881, 2015, 963},
fitzroy_lagoon_to_east_2_20200712_121511271_0017329.jpg, {COTS, 0.9926, 187, 19, 1938, 912, 2032, 997},
fitzroy_lagoon_to_east_2_20200712_121511330_0017330.jpg, {COTS, 0.9943, 187, 20, 1950, 936, 2044, 1024},
fitzroy_lagoon_to_east_2_20200712_121511388_0017331.jpg, {COTS, 0.9959, 187, 21, 1959, 956, 2053, 1049},
fitzroy_lagoon_to_east_2_20200712_121511445_0017332.jpg, {COTS, 0.9911, 187, 22, 1971, 985, 2066, 1076},
fitzroy_lagoon_to_east_2_20200712_121511505_0017333.jpg, {COTS, 0.9909, 187, 23, 1973, 1006, 2076, 1099},
fitzroy_lagoon_to_east_2_20200712_121511561_0017334.jpg, {COTS, 0.9924, 187, 24, 1986, 1028, 2085, 1124},
fitzroy_lagoon_to_east_2_20200712_121511619_0017335.jpg, {COTS, 0.9919, 187, 25, 2007, 1064, 2105, 1164},
fitzroy_lagoon_to_east_2_20200712_121511678_0017336.jpg, {COTS, 0.9877, 187, 26, 2008, 1081, 2113, 1187},
fitzroy_lagoon_to_east_2_20200712_121511739_0017337.jpg, {COTS, 0.9849, 187, 27, 2009, 1102, 2116, 1211},
fitzroy_lagoon_to_east_2_20200712_121511797_0017338.jpg, {COTS, 0.9884, 187, 28, 2015, 1123, 2126, 1231},
fitzroy_lagoon_to_east_2_20200712_121511857_0017339.jpg, {COTS, 0.9949, 187, 29, 2022, 1140, 2127, 1252},
fitzroy_lagoon_to_east_2_20200712_121511920_0017340.jpg, {COTS, 0.9918, 187, 30, 2026, 1156, 2139, 1268},
fitzroy_lagoon_to_east_2_20200712_121511979_0017341.jpg, {COTS, 0.9955, 187, 31, 2045, 1191, 2154, 1318},
fitzroy_lagoon_to_east_2_20200712_121512038_0017342.jpg, {COTS, 0.9660, 187, 32, 2050, 1215, 2165, 1338},
fitzroy_lagoon_to_east_2_20200712_121512097_0017343.jpg, {COTS, 0.9945, 187, 33, 2057, 1232, 2172, 1360},
fitzroy_lagoon_to_east_2_20200712_121512156_0017344.jpg, {COTS, 0.9945, 187, 34, 2072, 1254, 2182, 1382},
fitzroy_lagoon_to_east_2_20200712_121512217_0017345.jpg, {COTS, 0.9967, 187, 35, 2082, 1280, 2194, 1417},
fitzroy_lagoon_to_east_2_20200712_121512274_0017346.jpg, {COTS, 0.9970, 187, 36, 2095, 1328, 2215, 1468},
fitzroy_lagoon_to_east_2_20200712_121512335_0017347.jpg, {COTS, 0.9958, 187, 37, 2108, 1357, 2219, 1494},
fitzroy_lagoon_to_east_2_20200712_121512393_0017348.jpg, {COTS, 0.9967, 187, 38, 2110, 1379, 2227, 1523},
fitzroy_lagoon_to_east_2_20200712_121522639_0017521.jpg, {COTS, 0.5571, 188, 0, 1759, 823, 1948, 1013},
fitzroy_lagoon_to_east_2_20200712_121522701_0017522.jpg, {COTS, 0.8951, 188, 1, 1761, 831, 1956, 1040},
fitzroy_lagoon_to_east_2_20200712_121522759_0017523.jpg, {COTS, 0.8174, 188, 2, 1746, 854, 1975, 1047},
fitzroy_lagoon_to_east_2_20200712_121522831_0017524.jpg, {COTS, 0.9145, 188, 3, 1752, 873, 1973, 1079},
fitzroy_lagoon_to_east_2_20200712_121522891_0017525.jpg, {COTS, 0.9145, 188, 4, 1762, 909, 1987, 1119},
fitzroy_lagoon_to_east_2_20200712_121522952_0017526.jpg, {COTS, 0.7557, 188, 5, 1767, 930, 1994, 1148},
fitzroy_lagoon_to_east_2_20200712_121523007_0017527.jpg, {COTS, 0.9608, 188, 6, 1766, 944, 1995, 1173},
fitzroy_lagoon_to_east_2_20200712_121523067_0017528.jpg, {COTS, 0.5319, 188, 7, 1779, 975, 1989, 1176},
fitzroy_lagoon_to_east_2_20200712_121523128_0017529.jpg, {COTS, 0.5931, 188, 8, 1778, 1016, 2016, 1248},
fitzroy_lagoon_to_east_2_20200712_121523188_0017530.jpg, {COTS, 0.5533, 188, 9, 1816, 1055, 2027, 1282},
fitzroy_lagoon_to_east_2_20200712_121523245_0017531.jpg, {COTS, 0.8915, 188, 10, 1800, 1084, 2047, 1302},
fitzroy_lagoon_to_east_2_20200712_121523308_0017532.jpg, {COTS, 0.8129, 188, 11, 1815, 1118, 2042, 1351},
fitzroy_lagoon_to_east_2_20200712_121523371_0017533.jpg, {COTS, 0.8722, 188, 12, 1809, 1137, 2063, 1378},
fitzroy_lagoon_to_east_2_20200712_121523425_0017534.jpg, {COTS, 0.9633, 188, 13, 1830, 1194, 2080, 1442},
fitzroy_lagoon_to_east_2_20200712_121523485_0017535.jpg, {COTS, 0.9302, 188, 14, 1841, 1248, 2090, 1479},
fitzroy_lagoon_to_east_2_20200712_121523546_0017536.jpg, {COTS, 0.9356, 188, 15, 1840, 1252, 2108, 1514},
fitzroy_lagoon_to_east_2_20200712_121523605_0017537.jpg, {COTS, 0.8293, 188, 16, 1857, 1296, 2102, 1543},
fitzroy_lagoon_to_east_2_20200712_121523661_0017538.jpg, {COTS, 0.9180, 188, 17, 1869, 1324, 2135, 1555},
fitzroy_lagoon_to_east_2_20200712_121523720_0017539.jpg, {COTS, 0.9269, 188, 18, 1875, 1335, 2141, 1578},
fitzroy_lagoon_to_east_2_20200712_121523778_0017540.jpg, {COTS, 0.9589, 188, 19, 1891, 1391, 2150, 1643},
fitzroy_lagoon_to_east_2_20200712_121523838_0017541.jpg, {COTS, 0.9800, 188, 20, 1895, 1430, 2162, 1703},
fitzroy_lagoon_to_east_2_20200712_121523895_0017542.jpg, {COTS, 0.8528, 188, 21, 1900, 1488, 2166, 1734},
fitzroy_lagoon_to_east_2_20200712_121523954_0017543.jpg, {COTS, 0.9710, 188, 22, 1907, 1477, 2168, 1780},
fitzroy_lagoon_to_east_2_20200712_121524012_0017544.jpg, {COTS, 0.7900, 188, 23, 1909, 1538, 2184, 1805},
fitzroy_lagoon_to_east_2_20200712_121524070_0017545.jpg, {COTS, 0.7739, 188, 24, 1936, 1601, 2219, 1825},
fitzroy_lagoon_to_east_2_20200712_121524127_0017546.jpg, {COTS, 0.9215, 188, 25, 1944, 1639, 2216, 1875},
fitzroy_lagoon_to_east_2_20200712_121524186_0017547.jpg, {COTS, 0.7335, 188, 26, 1949, 1671, 2222, 1892},
fitzroy_lagoon_to_east_2_20200712_121524367_0017550.jpg, {COTS, 0.5714, 188, 27, 1976, 1766, 2225, 1985},
fitzroy_lagoon_to_east_2_20200712_121558067_0018110.jpg, {COTS, 0.8962, 191, 0, 1547, 245, 1622, 289},
fitzroy_lagoon_to_east_2_20200712_121558130_0018111.jpg, {COTS, 0.8455, 191, 1, 1544, 249, 1621, 290},
fitzroy_lagoon_to_east_2_20200712_121558183_0018112.jpg, {COTS, 0.8193, 191, 2, 1545, 256, 1623, 299},
fitzroy_lagoon_to_east_2_20200712_121558242_0018113.jpg, {COTS, 0.8876, 191, 3, 1548, 254, 1623, 302},
fitzroy_lagoon_to_east_2_20200712_121558303_0018114.jpg, {COTS, 0.9772, 191, 4, 1541, 260, 1619, 310},
fitzroy_lagoon_to_east_2_20200712_121558359_0018115.jpg, {COTS, 0.9685, 191, 5, 1532, 269, 1611, 316},
fitzroy_lagoon_to_east_2_20200712_121558417_0018116.jpg, {COTS, 0.9784, 191, 6, 1525, 271, 1601, 316},
fitzroy_lagoon_to_east_2_20200712_121558476_0018117.jpg, {COTS, 0.9812, 191, 7, 1519, 274, 1595, 321},
fitzroy_lagoon_to_east_2_20200712_121558544_0018118.jpg, {COTS, 0.9840, 191, 8, 1514, 275, 1591, 323},
fitzroy_lagoon_to_east_2_20200712_121558609_0018119.jpg, {COTS, 0.9778, 191, 9, 1510, 278, 1583, 330},
fitzroy_lagoon_to_east_2_20200712_121558675_0018120.jpg, {COTS, 0.9881, 191, 10, 1505, 286, 1580, 338},
fitzroy_lagoon_to_east_2_20200712_121558734_0018121.jpg, {COTS, 0.9935, 191, 11, 1504, 304, 1580, 354},
fitzroy_lagoon_to_east_2_20200712_121558789_0018122.jpg, {COTS, 0.9929, 191, 12, 1512, 308, 1590, 361},
fitzroy_lagoon_to_east_2_20200712_121558852_0018123.jpg, {COTS, 0.9957, 191, 13, 1518, 319, 1598, 371},
fitzroy_lagoon_to_east_2_20200712_121558909_0018124.jpg, {COTS, 0.9913, 191, 14, 1523, 336, 1607, 385},
fitzroy_lagoon_to_east_2_20200712_121558971_0018125.jpg, {COTS, 0.9755, 191, 15, 1531, 347, 1612, 400},
fitzroy_lagoon_to_east_2_20200712_121559029_0018126.jpg, {COTS, 0.9841, 191, 16, 1537, 359, 1618, 413},
fitzroy_lagoon_to_east_2_20200712_121559092_0018127.jpg, {COTS, 0.9953, 191, 17, 1555, 367, 1638, 420},
fitzroy_lagoon_to_east_2_20200712_121559149_0018128.jpg, {COTS, 0.9895, 191, 18, 1567, 368, 1651, 423},
fitzroy_lagoon_to_east_2_20200712_121559206_0018129.jpg, {COTS, 0.9963, 191, 19, 1573, 373, 1656, 428},
fitzroy_lagoon_to_east_2_20200712_121559265_0018130.jpg, {COTS, 0.9954, 191, 20, 1580, 374, 1665, 434},
fitzroy_lagoon_to_east_2_20200712_121559322_0018131.jpg, {COTS, 0.9912, 191, 21, 1588, 378, 1674, 440},
fitzroy_lagoon_to_east_2_20200712_121559379_0018132.jpg, {COTS, 0.9947, 191, 22, 1592, 382, 1682, 446},
fitzroy_lagoon_to_east_2_20200712_121559439_0018133.jpg, {COTS, 0.9972, 191, 23, 1607, 406, 1698, 467},
fitzroy_lagoon_to_east_2_20200712_121559498_0018134.jpg, {COTS, 0.9914, 191, 24, 1607, 414, 1701, 480},
fitzroy_lagoon_to_east_2_20200712_121559553_0018135.jpg, {COTS, 0.9972, 191, 25, 1615, 425, 1708, 491},
fitzroy_lagoon_to_east_2_20200712_121559612_0018136.jpg, {COTS, 0.9977, 191, 26, 1618, 434, 1711, 500},
fitzroy_lagoon_to_east_2_20200712_121559672_0018137.jpg, {COTS, 0.9938, 191, 27, 1625, 443, 1720, 513},
fitzroy_lagoon_to_east_2_20200712_121559727_0018138.jpg, {COTS, 0.9950, 191, 28, 1630, 457, 1725, 522},
fitzroy_lagoon_to_east_2_20200712_121559785_0018139.jpg, {COTS, 0.9958, 191, 29, 1639, 479, 1738, 548},
fitzroy_lagoon_to_east_2_20200712_121559846_0018140.jpg, {COTS, 0.9981, 191, 30, 1644, 488, 1741, 561},
fitzroy_lagoon_to_east_2_20200712_121559904_0018141.jpg, {COTS, 0.9975, 191, 31, 1644, 502, 1745, 576},
fitzroy_lagoon_to_east_2_20200712_121559961_0018142.jpg, {COTS, 0.9971, 191, 32, 1643, 514, 1744, 592},
fitzroy_lagoon_to_east_2_20200712_121600025_0018143.jpg, {COTS, 0.9975, 191, 33, 1642, 531, 1744, 605},
fitzroy_lagoon_to_east_2_20200712_121600105_0018144.jpg, {COTS, 0.9975, 191, 34, 1644, 557, 1751, 636},
fitzroy_lagoon_to_east_2_20200712_121600172_0018145.jpg, {COTS, 0.9971, 191, 35, 1642, 577, 1748, 657},
fitzroy_lagoon_to_east_2_20200712_121600245_0018146.jpg, {COTS, 0.9975, 191, 36, 1640, 595, 1748, 676},
fitzroy_lagoon_to_east_2_20200712_121600310_0018147.jpg, {COTS, 0.9962, 191, 37, 1640, 616, 1751, 702},
fitzroy_lagoon_to_east_2_20200712_121600374_0018148.jpg, {COTS, 0.9973, 191, 38, 1641, 625, 1749, 712},
fitzroy_lagoon_to_east_2_20200712_121600435_0018149.jpg, {COTS, 0.9966, 191, 39, 1638, 637, 1749, 726},
fitzroy_lagoon_to_east_2_20200712_121600496_0018150.jpg, {COTS, 0.9973, 191, 40, 1638, 662, 1751, 753},
fitzroy_lagoon_to_east_2_20200712_121600567_0018151.jpg, {COTS, 0.9958, 191, 41, 1634, 674, 1751, 768},
fitzroy_lagoon_to_east_2_20200712_121600631_0018152.jpg, {COTS, 0.9956, 191, 42, 1632, 686, 1747, 781},
fitzroy_lagoon_to_east_2_20200712_121600693_0018153.jpg, {COTS, 0.9958, 191, 43, 1634, 708, 1753, 811},
fitzroy_lagoon_to_east_2_20200712_121600751_0018154.jpg, {COTS, 0.9970, 191, 44, 1636, 727, 1754, 822},
fitzroy_lagoon_to_east_2_20200712_121600811_0018155.jpg, {COTS, 0.9959, 191, 45, 1637, 737, 1754, 837},
fitzroy_lagoon_to_east_2_20200712_121600875_0018156.jpg, {COTS, 0.9953, 191, 46, 1638, 754, 1758, 851},
fitzroy_lagoon_to_east_2_20200712_121600945_0018157.jpg, {COTS, 0.9966, 191, 47, 1643, 773, 1762, 880},
fitzroy_lagoon_to_east_2_20200712_121601001_0018158.jpg, {COTS, 0.9969, 191, 48, 1646, 787, 1771, 891},
fitzroy_lagoon_to_east_2_20200712_121601061_0018159.jpg, {COTS, 0.9968, 191, 49, 1654, 800, 1777, 907},
fitzroy_lagoon_to_east_2_20200712_121601122_0018160.jpg, {COTS, 0.9967, 191, 50, 1653, 813, 1783, 922},
fitzroy_lagoon_to_east_2_20200712_121601177_0018161.jpg, {COTS, 0.9944, 191, 51, 1656, 828, 1783, 941},
fitzroy_lagoon_to_east_2_20200712_121601249_0018162.jpg, {COTS, 0.9974, 191, 52, 1659, 865, 1792, 978},
fitzroy_lagoon_to_east_2_20200712_121601306_0018163.jpg, {COTS, 0.9968, 191, 53, 1663, 885, 1790, 999},
fitzroy_lagoon_to_east_2_20200712_121601368_0018164.jpg, {COTS, 0.9952, 191, 54, 1657, 906, 1795, 1020},
fitzroy_lagoon_to_east_2_20200712_121601424_0018165.jpg, {COTS, 0.9968, 191, 55, 1657, 927, 1795, 1043},
fitzroy_lagoon_to_east_2_20200712_121601480_0018166.jpg, {COTS, 0.9956, 191, 56, 1659, 949, 1789, 1070},
fitzroy_lagoon_to_east_2_20200712_121601536_0018167.jpg, {COTS, 0.9965, 191, 57, 1652, 1000, 1786, 1125},
fitzroy_lagoon_to_east_2_20200712_121601593_0018168.jpg, {COTS, 0.9951, 191, 58, 1648, 1020, 1786, 1150},
fitzroy_lagoon_to_east_2_20200712_121601650_0018169.jpg, {COTS, 0.9965, 191, 59, 1645, 1044, 1787, 1175},
fitzroy_lagoon_to_east_2_20200712_121601708_0018170.jpg, {COTS, 0.9969, 191, 60, 1645, 1067, 1789, 1200},
fitzroy_lagoon_to_east_2_20200712_121601767_0018171.jpg, {COTS, 0.9975, 191, 61, 1648, 1091, 1784, 1230},
fitzroy_lagoon_to_east_2_20200712_121601831_0018172.jpg, {COTS, 0.9975, 191, 62, 1641, 1119, 1783, 1259},
fitzroy_lagoon_to_east_2_20200712_121601896_0018173.jpg, {COTS, 0.9977, 191, 63, 1630, 1160, 1787, 1307},
fitzroy_lagoon_to_east_2_20200712_121601958_0018174.jpg, {COTS, 0.9976, 191, 64, 1629, 1183, 1782, 1335},
fitzroy_lagoon_to_east_2_20200712_121602018_0018175.jpg, {COTS, 0.9969, 191, 65, 1627, 1209, 1784, 1362},
fitzroy_lagoon_to_east_2_20200712_121602079_0018176.jpg, {COTS, 0.9974, 191, 66, 1624, 1232, 1780, 1384},
fitzroy_lagoon_to_east_2_20200712_121602133_0018177.jpg, {COTS, 0.9984, 191, 67, 1616, 1285, 1777, 1442},
fitzroy_lagoon_to_east_2_20200712_121602186_0018178.jpg, {COTS, 0.9984, 191, 68, 1618, 1317, 1775, 1467},
fitzroy_lagoon_to_east_2_20200712_121602242_0018179.jpg, {COTS, 0.9983, 191, 69, 1624, 1340, 1788, 1499},
fitzroy_lagoon_to_east_2_20200712_121602303_0018180.jpg, {COTS, 0.9985, 191, 70, 1625, 1366, 1793, 1526},
fitzroy_lagoon_to_east_2_20200712_121602366_0018181.jpg, {COTS, 0.9915, 191, 71, 1635, 1384, 1800, 1553},
fitzroy_lagoon_to_east_2_20200712_121602425_0018182.jpg, {COTS, 0.9989, 191, 72, 1647, 1419, 1818, 1579},
fitzroy_lagoon_to_east_2_20200712_121602482_0018183.jpg, {COTS, 0.9987, 191, 73, 1650, 1449, 1825, 1613},
fitzroy_lagoon_to_east_2_20200712_121602539_0018184.jpg, {COTS, 0.9981, 191, 74, 1666, 1494, 1844, 1663},
fitzroy_lagoon_to_east_2_20200712_121602601_0018185.jpg, {COTS, 0.9978, 191, 75, 1676, 1521, 1858, 1690},
fitzroy_lagoon_to_east_2_20200712_121602663_0018186.jpg, {COTS, 0.9986, 191, 76, 1685, 1544, 1859, 1721},
fitzroy_lagoon_to_east_2_20200712_121602721_0018187.jpg, {COTS, 0.9984, 191, 77, 1689, 1571, 1869, 1747},
fitzroy_lagoon_to_east_2_20200712_121602777_0018188.jpg, {COTS, 0.9990, 191, 78, 1701, 1608, 1883, 1779},
fitzroy_lagoon_to_east_2_20200712_121602835_0018189.jpg, {COTS, 0.9992, 191, 79, 1717, 1690, 1904, 1860},
fitzroy_lagoon_to_east_2_20200712_121602892_0018190.jpg, {COTS, 0.9992, 191, 80, 1723, 1726, 1909, 1914},
fitzroy_lagoon_to_east_2_20200712_121602957_0018191.jpg, {COTS, 0.9986, 191, 81, 1726, 1776, 1912, 1951},
fitzroy_lagoon_to_east_2_20200712_121603021_0018192.jpg, {COTS, 0.9987, 191, 82, 1723, 1820, 1920, 1991},
fitzroy_lagoon_to_east_2_20200712_121819555_0020550.jpg, {COTS, 0.3053, 208, 0, -4, 1706, 179, 1928},
fitzroy_lagoon_to_east_2_20200712_121819610_0020551.jpg, {COTS, 0.3053, 208, 1, -47, 1722, 129, 1936},
fitzroy_lagoon_to_east_2_20200712_121826614_0020671.jpg, {COTS, 0.3041, 211, 0, 477, 1581, 831, 1813},
fitzroy_lagoon_to_east_2_20200712_121826677_0020672.jpg, {COTS, 0.3041, 211, 1, 491, 1585, 834, 1809},
fitzroy_lagoon_to_east_2_20200712_121826921_0020676.jpg, {COTS, 0.3273, 211, 2, 475, 1580, 836, 1812},
fitzroy_lagoon_to_east_2_20200712_121826985_0020677.jpg, {COTS, 0.3273, 211, 3, 469, 1577, 829, 1808},
fitzroy_lagoon_to_east_2_20200712_121827296_0020682.jpg, {COTS, 0.3570, 211, 4, 497, 1572, 795, 1813},
fitzroy_lagoon_to_east_2_20200712_121827364_0020683.jpg, {COTS, 0.3570, 211, 5, 484, 1551, 787, 1795},
fitzroy_lagoon_to_east_2_20200712_121827756_0020689.jpg, {COTS, 0.3973, 211, 6, 487, 1559, 821, 1811},
fitzroy_lagoon_to_east_2_20200712_121827820_0020690.jpg, {COTS, 0.3973, 211, 7, 488, 1559, 821, 1811},
fitzroy_lagoon_to_east_2_20200712_121827885_0020691.jpg, {COTS, 0.5487, 211, 8, 495, 1567, 806, 1799},
fitzroy_lagoon_to_east_2_20200712_121827955_0020692.jpg, {COTS, 0.5487, 211, 9, 498, 1579, 809, 1812},
fitzroy_lagoon_to_east_2_20200712_121831558_0020756.jpg, {COTS, 0.4094, 212, 0, 1875, 1267, 2191, 1461},
fitzroy_lagoon_to_east_2_20200712_121831618_0020757.jpg, {COTS, 0.4094, 212, 1, 1876, 1269, 2192, 1463},
fitzroy_lagoon_to_east_2_20200712_121832431_0020771.jpg, {COTS, 0.5212, 212, 2, 1863, 1255, 2162, 1505},
fitzroy_lagoon_to_east_2_20200712_121832483_0020772.jpg, {COTS, 0.4273, 212, 3, 1851, 1248, 2180, 1509},
fitzroy_lagoon_to_east_2_20200712_121832537_0020773.jpg, {COTS, 0.4273, 212, 4, 1843, 1245, 2189, 1520},